SECTOR,ROC
s1,1.2744189418881104
s2,1.2652973210927023
s3,1.1739709875366438
s4,1.099928598401415
s5,1.0513270061709723
s6,1.1122943398416312
s7,0.9602620692221271
s8,0.7698676261234298
s9,0.8637770965345405
t1,0.5967821899294995
t2,0.543941667287048
t3,1.0040746852504523
t4,1.0066974107675066
t5,0.938400099442361
